;Cluster;NCS;Ladequote_NCS;HPC;Ladequote_HPC;MCS;Ladequote_MCS
0;2;110;0.8022113022113022;13;0.8023255813953488;9;0.8375394321766562
