;Cluster;NCS;Ladequote_NCS;HPC;Ladequote_HPC;MCS;Ladequote_MCS
0;2;98;0.8024357239512855;12;0.800705467372134;12;0.8039033457249071
